{"type":"Topology","transform":{"scale":[0.000973960702064244,0.0004265209150115014],"translate":[4.655285000000049,57.964306000000136]},,"arcs":[[[169,693],[75,-34],[43,74],[80,10],[-2,-55],[89,26]],[[454,714],[20,-47]],[[474,667],[-53,-24],[1,-47],[-51,-60],[5,-82],[-87,-72],[-10,-186],[-51,-56]],[[228,140],[-84,45],[-77,81],[-26,83],[38,110],[109,-88],[-38,97],[47,17],[22,47],[-50,54],[-83,-34],[-45,34],[4,56]],[[45,642],[35,3]],[[80,645],[44,69],[45,-21]],[[27,617],[12,-42],[-39,-62],[27,104]],[[910,266],[-37,16],[-37,79],[-36,1],[-27,-61],[-121,72],[-43,-5],[-47,87],[0,64],[-31,128],[-57,20]],[[454,714],[38,68],[62,48]],[[554,830],[70,-6],[67,26],[133,-13],[44,-36],[6,-49],[74,-85],[12,-121],[38,-32],[91,19],[-27,46],[21,31],[67,-6],[12,-51]],[[1162,553],[23,-97],[-32,-5],[-23,-87],[-110,-26],[-16,19],[-102,-65],[8,-26]],[[1614,2734],[0,0],[1,10],[-1,-10]],[[1625,2734],[-4,3]],[[1621,2737],[30,42],[24,-47],[-50,2]],[[2052,2743],[-213,2],[-47,-55],[-132,7],[0,0]],[[1660,2697],[59,59],[0,94],[-70,-59],[35,140],[54,70],[25,66],[52,49],[-20,33],[133,39],[10,21],[-107,-42],[26,91],[-30,48],[49,0],[-7,75],[51,34],[56,1],[-36,57],[33,3],[27,20],[18,-8],[-3,35],[29,-35],[22,72],[107,29],[74,-32],[-64,61],[-122,-22],[54,47],[4,36],[59,41],[23,-35],[47,127],[-49,-19],[-62,17],[160,67],[6,34],[-79,-13],[18,47],[49,-14],[56,59],[2,-82],[65,-16],[-36,52],[36,35],[-54,24],[21,35],[73,22],[27,-21],[81,20],[18,56],[-45,-37],[-29,16],[-81,-25]],[[2425,4069],[48,51],[74,-2],[108,23],[18,-28]],[[2673,4113],[11,-134],[-35,-93],[-103,55],[-86,-84],[-50,-152],[-52,-40],[55,-91],[-1,-64],[-59,-54],[-69,-127],[-42,-44],[19,-80],[-78,-52],[-91,-8],[18,-128],[-23,-115],[0,-84],[-35,-75]],[[2335,4190],[-64,-75],[13,-33],[45,51],[25,-29]],[[2354,4104],[-70,-91],[-45,17],[-66,-18],[40,63],[-8,25],[51,45],[-5,69],[26,53],[40,6],[-10,-89],[28,6]],[[1810,3112],[-70,-53],[8,44],[62,9]],[[1755,3190],[12,-50],[-65,-33],[53,83]],[[2057,3568],[-12,-70],[-18,23],[-18,6],[48,41]],[[1875,3937],[6,-55],[-54,-57],[48,112]],[[1907,3959],[9,-55],[-37,6],[28,49]],[[2009,4028],[34,-37],[-100,-47],[-6,45],[72,39]],[[2208,4076],[-84,-90],[-74,-30],[33,89],[125,31]],[[2201,4295],[36,-66],[5,-68],[-60,-43],[-34,26],[-61,-15],[19,85],[24,-28],[69,41],[2,68]],[[2348,4417],[-1,-61],[-35,-58],[-69,-22],[29,60],[76,81]],[[910,266],[-160,-121],[-142,-119],[-97,-6],[-17,-20],[-119,24],[-23,-23],[-50,52],[-58,16],[42,37],[-58,34]],[[1488,657],[-8,100],[-45,39],[-77,172],[-54,-49],[-53,-13],[53,-38],[-122,-3],[-35,34],[-26,95],[-50,-27],[0,-40],[-84,43],[-19,87],[-206,143]],[[762,1200],[-35,62],[47,43],[11,77],[-64,15],[0,66],[-81,11],[-19,114]],[[621,1588],[87,62],[50,-8],[51,57],[174,0]],[[983,1699],[104,-55],[106,61],[-14,53],[38,53],[111,-28],[84,-4],[74,-114],[138,-22]],[[1624,1643],[7,-25],[-43,-215],[56,-66],[31,1],[59,-86],[-44,-117],[-97,-15],[31,-113],[42,-89],[-27,-74],[-15,-113],[-62,-57],[-74,-17]],[[851,1971],[144,32],[65,-141],[-92,-26],[59,-67],[-44,-70]],[[621,1588],[-176,-13],[-60,42],[-131,-3],[-8,23]],[[246,1637],[-10,47],[102,15],[143,77],[-62,19],[32,56],[235,3],[-101,26],[19,90],[59,16],[28,-47],[40,-6],[94,51],[67,-91],[19,18],[-60,60]],[[966,2122],[26,-33],[-21,-57]],[[971,2032],[-63,36],[57,21],[1,33]],[[363,1787],[28,-34],[-45,-33],[17,67]],[[733,2021],[13,-45],[-74,-2],[61,47]],[[900,2072],[21,-43],[-60,19],[39,24]],[[824,2152],[34,-41],[-43,-16],[-37,39],[46,18]],[[45,642],[-9,28],[74,66],[-30,-91]],[[762,1200],[-52,-68],[-50,7],[-33,-63],[-55,-23],[55,-62],[-23,-88],[-50,-73]],[[169,693],[49,36],[-50,39],[111,100],[-22,33],[69,64],[71,-2],[38,36],[-140,-24],[-19,-55],[-28,14],[-34,-87],[-44,-11],[15,47],[-98,47],[-13,69],[37,56],[38,-46],[25,-2],[25,8],[20,96],[-10,24],[-32,-42],[-65,-31],[-29,100],[2,102],[80,-16],[60,25],[191,-30],[13,32],[78,-44],[66,21],[-69,8],[-82,37],[-13,-34],[-168,33],[-76,-29],[-69,70],[6,80],[62,14],[5,64],[-50,4],[2,38],[96,61],[149,-44],[-134,55],[-57,-10],[44,59],[-43,23],[19,43],[51,-87]],[[39,801],[33,-51],[-51,14],[18,37]],[[81,839],[35,-82],[-43,2],[8,80]],[[163,868],[-41,-69],[-29,41],[70,28]],[[41,1032],[18,-105],[-33,12],[15,93]],[[45,1076],[48,-45],[-17,-26],[-31,71]],[[200,1111],[-4,-85],[-42,-16],[-33,46],[57,28],[22,27]],[[72,1338],[19,-44],[-43,-11],[24,55]],[[126,1611],[62,-28],[-66,-25],[4,53]],[[1229,699],[-30,44],[57,40],[41,-73],[-43,-46]],[[1254,664],[-25,35]],[[1488,657],[19,-59],[-57,-39],[23,-98],[-37,-154],[-53,-24],[-14,85],[-121,28],[-31,75],[10,57],[-15,113],[42,23]],[[1229,699],[-39,-29],[24,-106],[-52,-11]],[[966,2122],[78,18],[123,54],[36,-84],[-35,-46],[76,46],[136,-9],[-44,38],[14,30],[149,66],[-72,37],[83,43],[-48,12],[-63,-46],[2,-63],[-172,-89],[-30,2],[-22,68],[61,44],[-112,-40],[35,71],[52,21],[113,192],[76,13],[28,59],[63,-78],[34,57],[-16,55],[72,25],[-54,68],[92,51]],[[1625,2734],[11,-3],[0,0],[25,-26],[-1,-8]],[[2052,2743],[-126,-213],[85,-49],[6,-106],[-37,-74],[-142,38],[-102,-46],[-109,-147],[10,-46],[-51,-82],[43,-108],[-30,-38],[-10,-116],[35,-113]],[[851,1971],[-14,43],[134,18]],[[1012,2209],[45,-41],[-135,-41],[-41,14],[60,57],[71,11]],[[986,2271],[7,-41],[-73,-8],[66,49]],[[1452,2576],[63,-54],[-48,-5],[-15,59]],[[1469,2700],[27,-27],[-86,-14],[59,41]],[[1465,2707],[-57,-47],[-12,22],[69,25]],[[2335,4190],[-31,-56],[69,49],[-25,31],[32,30],[40,-26],[-3,-102],[-63,-12]],[[2425,4069],[7,78],[99,50],[70,70],[-39,22],[46,52],[57,16],[-30,29],[19,93],[81,-53],[-35,77],[61,20],[31,74],[86,39],[1,-119],[64,175],[38,-19],[3,-101],[-23,-98],[18,-7],[29,135],[43,60],[22,-27],[28,96],[29,5],[107,-106],[-41,98],[-112,85],[40,41],[44,-33],[22,47],[149,-33],[39,-87],[60,22],[-62,21],[35,19],[-32,37],[126,201],[60,-5],[-72,43],[8,41],[42,-31],[-21,70],[65,13],[58,-58],[-16,58],[88,-29],[-68,-127],[-19,-138],[7,-58],[44,9],[26,90],[-19,6],[98,240],[42,34],[12,-76],[-41,-48],[43,7],[-1,-86],[71,32],[-13,108],[40,62],[-56,7],[57,93],[34,-35],[54,32],[52,-37],[-26,-77],[-68,-13],[81,-14],[-2,-56],[-43,-48],[74,13],[3,102],[21,56],[63,13],[42,-40],[116,3],[47,-40],[86,-26],[30,-54],[-63,-33],[-20,-50],[-69,-48],[-167,9],[-19,-24],[172,-28],[24,-92],[104,60],[67,-3],[36,-77],[-60,-23],[-68,37],[6,-103],[-94,-70],[11,-73],[-21,-47],[-45,32],[-7,45],[50,115],[-52,77],[-119,26],[-80,64],[-59,13],[-71,-80],[-85,-4],[-63,-122],[17,-19],[-11,-167],[26,-71],[-13,-53],[-66,-48],[-1,-73],[-127,21],[-56,37],[-41,-55],[-75,-40],[-22,21],[-107,-1],[-43,92],[-100,118],[-55,8],[-39,-51],[17,-61],[-56,28],[-99,-37],[43,-45],[-7,-104],[-38,-46],[49,-23],[-44,-58],[-154,54],[-58,-7],[-36,28],[-43,-20]],[[2396,4111],[21,-35],[-68,-24],[47,59]],[[2496,4237],[14,-46],[-46,-9],[32,55]],[[2527,4264],[38,-21],[-34,-32],[-4,53]],[[2577,4530],[66,-39],[-26,-69],[23,-50],[-187,-59],[51,70],[-31,69],[50,18],[54,60]],[[2738,4654],[47,-42],[-42,-42],[-1,-46],[-78,-20],[-31,16],[39,87],[42,14],[22,-48],[2,81]],[[2888,4711],[-6,-60],[-42,-11],[48,71]],[[2799,4739],[43,-52],[-14,-50],[-42,-17],[-54,45],[67,74]],[[3014,4815],[20,-73],[-63,2],[43,71]],[[2854,4822],[79,-68],[-58,-21],[-35,60],[14,29]],[[4370,4896],[45,-32],[-49,-33],[4,65]],[[3307,4906],[39,-57],[-99,31],[60,26]],[[3395,5012],[33,-72],[-61,-74],[-56,49],[84,97]],[[3432,5065],[55,-43],[-44,-51],[-24,37],[13,57]],[[3357,5105],[31,-32],[-50,-92],[-42,-29],[-87,-17],[45,97],[63,-15],[40,88]],[[3665,5277],[76,-65],[-74,-37],[-41,26],[39,76]]],"transform":{"scale":[257.1108251258482,280.1259170593782],"translate":[-59641.00000000012,6453758.009999999]},"objects":{"Fylker (4)":{"type":"GeometryCollection","geometries":[{"arcs":[[[0,1,2,3,4,5]],[[6]]],"type":"MultiPolygon","properties":{"fylkesnummer":11,"navn":"Rogaland"}},{"arcs":[[7,-2,8,9,10]],"type":"Polygon","properties":{"fylkesnummer":38,"navn":"Vestfold og Telemark"}},{"arcs":[[[12,13]],[[14,15,16,17]],[[18,19]],[[20]],[[21]],[[22]],[[23]],[[24]],[[25]],[[26]],[[27]],[[28]]],"type":"MultiPolygon","properties":{"fylkesnummer":18,"navn":"Nordland"}},{"arcs":[[-3,-8,29]],"type":"Polygon","properties":{"fylkesnummer":42,